{
  "simulation_days": 7,
  "warehouse_size": "2XSmall",
  "total_dbus": 805.8566666641876,
  "total_cost": 518.9716933317369,
  "daily_cost": 74.13881333310528,
  "monthly_cost": 2224.1643999931584,
  "annual_cost": 27060.666866583426,
  "total_queries": 18195,
  "dashboard_queries": 8378,
  "genie_queries": 9817,
  "genie_avg_wait_time": 0.5075129454621078,
  "genie_p50_wait_time": 0.4986542738042772,
  "genie_p95_wait_time": 0.9592892086249776,
  "genie_p99_wait_time": 0.9990997651044745,
  "dashboard_avg_wait_time": 0.5131997124819021,
  "dashboard_p95_wait_time": 0.9592337448048056,
  "avg_clusters": 1.2040674603174604,
  "max_clusters": 6,
  "avg_utilization": 0.5508566878980892,
  "max_queue_depth": 1
}