{
  "simulation_days": 7,
  "warehouse_size": "Large",
  "total_dbus": 6864.522222157734,
  "total_cost": 4420.752311069581,
  "daily_cost": 631.5360444385116,
  "monthly_cost": 18946.081333155347,
  "annual_cost": 230510.65622005673,
  "total_queries": 74404,
  "dashboard_queries": 2078,
  "genie_queries": 72326,
  "genie_avg_wait_time": 0.4991204813450758,
  "genie_p50_wait_time": 0.499694360223657,
  "genie_p95_wait_time": 0.9503679153713165,
  "genie_p99_wait_time": 0.9896978741162457,
  "dashboard_avg_wait_time": 0.5056564127411131,
  "dashboard_p95_wait_time": 0.9492988775669798,
  "avg_clusters": 1.0240103184839766,
  "max_clusters": 2,
  "avg_utilization": 0.1256374640341304,
  "max_queue_depth": 0
}